<Gouki>

<append xpath="/items">

	<item name="meleeToolFarmT2IronHoeSchematic">
	    <property name="Extends" value="schematicMaster"/>
	    <property name="CreativeMode" value="Player"/>
	    <property name="CustomIcon" value="meleeToolFarmT2IronHoe"/>
	    <property name="Unlocks" value="meleeToolFarmT2IronHoe"/>
	    <effect_group tiered="false">
		    <triggered_effect trigger="onSelfPrimaryActionEnd" action="ModifyCVar" cvar="meleeToolFarmT2IronHoe" operation="set" value="1"/>
		    <triggered_effect trigger="onSelfPrimaryActionEnd" action="GiveExp" exp="50"/>
	    </effect_group>
    </item>
	
	<item name="meleeToolFarmT2IronHoe"> 
	<property name="Tags" value="melee,medium,tool,attFortitude,perkLivingOffTheLand,canHaveCosmetic"/>
	<property name="DisplayType" value="meleeRepairTool"/><property name="CreativeMode" value="Player"/>
	<property name="DescriptionKey" value="meleeToolFarmT2IronHoeDesc"/>
	<property name="CustomIcon" value="meleeToolFarmT2IronHoe"/>
	<property name="HoldType" value="50"/>
	<property name="Meshfile" value="#Other/Items?Tools/hoe_ironPrefab.prefab"/>
	<property name="Material" value="Mmetal"/>
	<property name="RepairTools" value="resourceRepairKit"/>
	<property name="DegradationBreaksAfter" value="false"/>
	<property name="SoundJammed" value="ItemNeedsRepair"/>
	<property name="SoundDestroy" value="wooddestroy1"/>
	<property name="FuelValue" value="250"/>
	<property name="EconomicValue" value="450"/>
	<property name="UnlockedBy" value="meleeToolFarmT2IronHoeSchematic"/>
	<property name="ShowQuality" value="true"/>
	<property name="TintColor" value="255,0,0"/>
	<property name="UMA.Overlay0Tint" value="180,52,54"/>
	<property class="Action0">
		<property name="Class" value="DynamicMelee"/>
		<property name="Sphere" value=".15"/>
		<property name="Sound_start" value="swoosh"/>
		<property name="ToolCategory.cropHarvest" value="1" param1="1"/>
		<property name="UseGrazingHits" value="true"/>
		<property name="GrazeStart" value=".5"/>
		<property name="GrazeEnd" value=".55"/>
		<property name="SwingDegrees" value="65"/>
		<property name="SwingAngle" value="160"/>
	</property>
	<property class="Action1"> <!-- UseAction -->
		<property name="Class" value="Repair"/>
		<property name="Repair_amount" value="25"/>
		<property name="Upgrade_hit_offset" value="-4"/>
		<property name="Sound_start" value="repair_block"/>
		<property name="Delay" value="1.0"/> <!-- Repair actions still need the delay amount -->
		<property name="Upgrade_action_sound" value="ImpactSurface/metalhitearth"/>
		<property name="Allowed_upgrade_items" value="resourceClayLump,meleeToolFarmT2IronHoe"/>
		<property name="UsePowerAttackAnimation" value="false"/>
	</property>
	<effect_group name="meleeToolFarmT2IronHoe">
		<passive_effect name="MaxRange" operation="base_set" value="2.9"/>
		<passive_effect name="BlockRange" operation="base_set" value="10"/>
		<passive_effect name="EntityDamage" operation="base_set" value="10"/> <!-- meleeToolFarmT2IronHoe -->
		<passive_effect name="BlockDamage" operation="base_set" value="6"/>
		<passive_effect name="DamageModifier" operation="perc_add" value="-.9" tags="wood"/>
		<passive_effect name="DamageModifier" operation="perc_add" value="0" tags="earth"/>
		<passive_effect name="DamageModifier" operation="perc_set" value="-.9" tags="stone"/>
		<passive_effect name="DamageModifier" operation="perc_set" value="-.9" tags="metal"/>
		<passive_effect name="AttacksPerMinute" operation="base_set" value="52"/>
		<passive_effect name="StaminaLoss" operation="base_set" value="14.1" tags="primary"/>
		<passive_effect name="DegradationMax" operation="base_set" value="200,500" tier="1,6"/>
		<passive_effect name="ModSlots" operation="base_set" value="0,5" tier="1,6"/>
		<passive_effect name="ModPowerBonus" operation="perc_add" value=".15" tags="EntityDamage,BlockDamage"/>
		<passive_effect name="ModPowerBonus" operation="base_add" value="200" tags="EconomicValue"/>
		<display_value name="dBlockRepairAmount" value="25"/>
	</effect_group>
	<property name="Group" value="Tools/Traps"/>
	<property name="PickupJournalEntry" value="farmingTip"/>
	<property name="RepairExpMultiplier" value="1.0"/>
    </item>

</append>
	
</Gouki>
