<configs>
	<!-- Adding new buff to track kills -->
	<append xpath="/entity_classes/entity_class[@name='playerMale']/property[@name='Buffs']">,buffScoringEvent</append>
	<append xpath="/entity_classes/entity_class[@name='playerMale']/effect_group/triggered_effect[@trigger='onSelfEnteredGame']/@buff">,buffScoringEvent</append>
	<append xpath="/entity_classes/entity_class[@name='playerMale']/effect_group/triggered_effect[@trigger='onSelfRespawn']/@buff">,buffScoringEvent</append>
	<append xpath="/entity_classes/entity_class[@name='animalZombieBear']/property[@name='Tags']/@value">,zombiebear</append>
</configs>